CREATE TABLE EMP
       (EMPNO integer NOT NULL,
        ENAME VARCHAR(10),
        JOB VARCHAR(9),
        MGR integer,
        HIREDATE DATE,
        SAL integer,
        COMM integer,
        DEPTNO integer);

INSERT INTO EMP(EMPNO, ENAME, JOB, MGR, HIREDATE, SAL, COMM, DEPTNO) VALUES
        (7369, 'SMITH',  'CLERK',     7902,
        '1980-12-17',  800, NULL, 20);
INSERT INTO EMP(EMPNO, ENAME, JOB, MGR, HIREDATE, SAL, COMM, DEPTNO) VALUES
        (7499, 'ALLEN',  'SALESMAN',  7698,
        '1981-2-20', 1600,  300, 30);
INSERT INTO EMP(EMPNO, ENAME, JOB, MGR, HIREDATE, SAL, COMM, DEPTNO) VALUES
        (7521, 'WARD',   'SALESMAN',  7698,
        '1981-2-22', 1250,  500, 30);
INSERT INTO EMP(EMPNO, ENAME, JOB, MGR, HIREDATE, SAL, COMM, DEPTNO) VALUES
        (7566, 'JONES',  'MANAGER',   7839,
        '1981-4-2',  2975, NULL, 20);
INSERT INTO EMP(EMPNO, ENAME, JOB, MGR, HIREDATE, SAL, COMM, DEPTNO) VALUES
        (7654, 'MARTIN', 'SALESMAN',  7698,
        '1981-9-28', 1250, 1400, 30);
INSERT INTO EMP(EMPNO, ENAME, JOB, MGR, HIREDATE, SAL, COMM, DEPTNO) VALUES
        (7698, 'BLAKE',  'MANAGER',   7839,
        '1981-5-1',  2850, NULL, 30);
INSERT INTO EMP(EMPNO, ENAME, JOB, MGR, HIREDATE, SAL, COMM, DEPTNO) VALUES
        (7782, 'CLARK',  'MANAGER',   7839,
        '1981-6-9',  2450, NULL, 10);
INSERT INTO EMP(EMPNO, ENAME, JOB, MGR, HIREDATE, SAL, COMM, DEPTNO) VALUES
        (7788, 'SCOTT',  'ANALYST',   7566,
        '1982-12-9', 3000, NULL, 20);
INSERT INTO EMP(EMPNO, ENAME, JOB, MGR, HIREDATE, SAL, COMM, DEPTNO) VALUES
        (7839, 'KING',   'PRESIDENT', NULL,
        '1981-11-17', 5000, NULL, 10);
INSERT INTO EMP(EMPNO, ENAME, JOB, MGR, HIREDATE, SAL, COMM, DEPTNO) VALUES
        (7844, 'TURNER', 'SALESMAN',  7698,
        '1981-9-8',  1500,    0, 30);
INSERT INTO EMP(EMPNO, ENAME, JOB, MGR, HIREDATE, SAL, COMM, DEPTNO) VALUES
        (7876, 'ADAMS',  'CLERK',     7788,
        '1983-1-12', 1100, NULL, 20);
INSERT INTO EMP(EMPNO, ENAME, JOB, MGR, HIREDATE, SAL, COMM, DEPTNO) VALUES
        (7900, 'JAMES',  'CLERK',     7698,
        '1981-12-3',   950, NULL, 30);
INSERT INTO EMP(EMPNO, ENAME, JOB, MGR, HIREDATE, SAL, COMM, DEPTNO) VALUES
        (7902, 'FORD',   'ANALYST',   7566,
        '1981-12-3',  3000, NULL, 20);
INSERT INTO EMP(EMPNO, ENAME, JOB, MGR, HIREDATE, SAL, COMM, DEPTNO) VALUES
        (7934, 'MILLER', 'CLERK',     7782,
        '1982-1-23', 1300, NULL, 10);

CREATE TABLE DEPT
       (DEPTNO integer,
        DNAME VARCHAR(14),
        LOC VARCHAR(13) );

INSERT INTO DEPT(DEPTNO, DNAME, LOC) VALUES (10, 'ACCOUNTING', 'NEW YORK');
INSERT INTO DEPT(DEPTNO, DNAME, LOC) VALUES (20, 'RESEARCH',   'DALLAS');
INSERT INTO DEPT(DEPTNO, DNAME, LOC) VALUES (30, 'SALES',      'CHICAGO');
INSERT INTO DEPT(DEPTNO, DNAME, LOC) VALUES (40, 'OPERATIONS', 'BOSTON');

CREATE TABLE T1 (ID INTEGER);

INSERT INTO T1(ID) VALUES (1);

CREATE TABLE T10 (ID INTEGER);

INSERT INTO T10(ID) VALUES (1);
INSERT INTO T10(ID) VALUES (2);
INSERT INTO T10(ID) VALUES (3);
INSERT INTO T10(ID) VALUES (4);
INSERT INTO T10(ID) VALUES (5);
INSERT INTO T10(ID) VALUES (6);
INSERT INTO T10(ID) VALUES (7);
INSERT INTO T10(ID) VALUES (8);
INSERT INTO T10(ID) VALUES (9);
INSERT INTO T10(ID) VALUES (10);


CREATE TABLE T100 (ID INTEGER);

INSERT INTO T100(ID) VALUES (1);
INSERT INTO T100(ID) VALUES (2);
INSERT INTO T100(ID) VALUES (3);
INSERT INTO T100(ID) VALUES (4);
INSERT INTO T100(ID) VALUES (5);
INSERT INTO T100(ID) VALUES (6);
INSERT INTO T100(ID) VALUES (7);
INSERT INTO T100(ID) VALUES (8);
INSERT INTO T100(ID) VALUES (9);
INSERT INTO T100(ID) VALUES (10);
INSERT INTO T100(ID) VALUES (11);
INSERT INTO T100(ID) VALUES (12);
INSERT INTO T100(ID) VALUES (13);
INSERT INTO T100(ID) VALUES (14);
INSERT INTO T100(ID) VALUES (15);
INSERT INTO T100(ID) VALUES (16);
INSERT INTO T100(ID) VALUES (17);
INSERT INTO T100(ID) VALUES (18);
INSERT INTO T100(ID) VALUES (19);
INSERT INTO T100(ID) VALUES (20);
INSERT INTO T100(ID) VALUES (21);
INSERT INTO T100(ID) VALUES (22);
INSERT INTO T100(ID) VALUES (23);
INSERT INTO T100(ID) VALUES (24);
INSERT INTO T100(ID) VALUES (25);
INSERT INTO T100(ID) VALUES (26);
INSERT INTO T100(ID) VALUES (27);
INSERT INTO T100(ID) VALUES (28);
INSERT INTO T100(ID) VALUES (29);
INSERT INTO T100(ID) VALUES (30);
INSERT INTO T100(ID) VALUES (31);
INSERT INTO T100(ID) VALUES (32);
INSERT INTO T100(ID) VALUES (33);
INSERT INTO T100(ID) VALUES (34);
INSERT INTO T100(ID) VALUES (35);
INSERT INTO T100(ID) VALUES (36);
INSERT INTO T100(ID) VALUES (37);
INSERT INTO T100(ID) VALUES (38);
INSERT INTO T100(ID) VALUES (39);
INSERT INTO T100(ID) VALUES (40);
INSERT INTO T100(ID) VALUES (41);
INSERT INTO T100(ID) VALUES (42);
INSERT INTO T100(ID) VALUES (43);
INSERT INTO T100(ID) VALUES (44);
INSERT INTO T100(ID) VALUES (45);
INSERT INTO T100(ID) VALUES (46);
INSERT INTO T100(ID) VALUES (47);
INSERT INTO T100(ID) VALUES (48);
INSERT INTO T100(ID) VALUES (49);
INSERT INTO T100(ID) VALUES (50);
INSERT INTO T100(ID) VALUES (51);
INSERT INTO T100(ID) VALUES (52);
INSERT INTO T100(ID) VALUES (53);
INSERT INTO T100(ID) VALUES (54);
INSERT INTO T100(ID) VALUES (55);
INSERT INTO T100(ID) VALUES (56);
INSERT INTO T100(ID) VALUES (57);
INSERT INTO T100(ID) VALUES (58);
INSERT INTO T100(ID) VALUES (59);
INSERT INTO T100(ID) VALUES (60);
INSERT INTO T100(ID) VALUES (61);
INSERT INTO T100(ID) VALUES (62);
INSERT INTO T100(ID) VALUES (63);
INSERT INTO T100(ID) VALUES (64);
INSERT INTO T100(ID) VALUES (65);
INSERT INTO T100(ID) VALUES (66);
INSERT INTO T100(ID) VALUES (67);
INSERT INTO T100(ID) VALUES (68);
INSERT INTO T100(ID) VALUES (69);
INSERT INTO T100(ID) VALUES (70);
INSERT INTO T100(ID) VALUES (71);
INSERT INTO T100(ID) VALUES (72);
INSERT INTO T100(ID) VALUES (73);
INSERT INTO T100(ID) VALUES (74);
INSERT INTO T100(ID) VALUES (75);
INSERT INTO T100(ID) VALUES (76);
INSERT INTO T100(ID) VALUES (77);
INSERT INTO T100(ID) VALUES (78);
INSERT INTO T100(ID) VALUES (79);
INSERT INTO T100(ID) VALUES (80);
INSERT INTO T100(ID) VALUES (81);
INSERT INTO T100(ID) VALUES (82);
INSERT INTO T100(ID) VALUES (83);
INSERT INTO T100(ID) VALUES (84);
INSERT INTO T100(ID) VALUES (85);
INSERT INTO T100(ID) VALUES (86);
INSERT INTO T100(ID) VALUES (87);
INSERT INTO T100(ID) VALUES (88);
INSERT INTO T100(ID) VALUES (89);
INSERT INTO T100(ID) VALUES (90);
INSERT INTO T100(ID) VALUES (91);
INSERT INTO T100(ID) VALUES (92);
INSERT INTO T100(ID) VALUES (93);
INSERT INTO T100(ID) VALUES (94);
INSERT INTO T100(ID) VALUES (95);
INSERT INTO T100(ID) VALUES (96);
INSERT INTO T100(ID) VALUES (97);
INSERT INTO T100(ID) VALUES (98);
INSERT INTO T100(ID) VALUES (99);
INSERT INTO T100(ID) VALUES (100);
